{
    "energy_mean": 0.539094470353098,
    "energy_std": 1.2830413414799897
}
