{
    "energy_total_mean": -548013.5367161413,
    "energy_total_std": 712514.7963129148,
    "efermi_mean": 138.02357742390973,
    "efermi_std": 2384.9539639419077,
    "spin_polarized_mean": 0.0019553360090562933,
    "spin_polarized_std": 0.04417592862802073
}
