{
    "energy_mean": -0.24201683677422983,
    "energy_std": 1.0546848851679629,
    "band_gap_mean": 0.24913534317765887,
    "band_gap_std": 0.8805869658076088,
    "stability_mean": 0.4992793150039575,
    "stability_std": 2.9680375527074716
}
